City_ID,City,Lat,Lng,Max Temp,Humidity,Cloudiness,Wind Speed,Country,Date
0,Rikitea,-23.1203,-134.9692,72.07,72,65,16.28,PF,2022-08-03 23:46:42
1,Georgetown,5.4112,100.3354,78.89,93,40,3.44,MY,2022-08-03 23:46:43
2,Malanje,-9.5402,16.341,67.01,56,67,4.09,AO,2022-08-03 23:46:43
3,Pevek,69.7008,170.3133,35.2,98,100,9.15,RU,2022-08-03 23:46:43
4,Hermanus,-34.4187,19.2345,53.8,84,3,11.59,ZA,2022-08-03 23:46:44
5,Dikson,73.5069,80.5464,43.38,97,100,9.17,RU,2022-08-03 23:46:44
6,Erzin,36.9559,36.2,77.65,90,35,1.05,TR,2022-08-03 23:46:44
7,Punta Arenas,-53.15,-70.9167,39.31,87,100,13.8,CL,2022-08-03 23:46:45
8,Bilma,18.6853,12.9164,89.73,40,41,10.74,NE,2022-08-03 23:46:45
9,San Patricio,28.017,-97.5169,95.54,54,32,21.32,US,2022-08-03 23:46:46
10,Ushuaia,-54.8,-68.3,37.06,87,40,3.44,AR,2022-08-03 23:46:46
11,Puerto Escondido,15.85,-97.0667,84.83,74,52,4.09,MX,2022-08-03 23:46:46
12,Avarua,-21.2078,-159.775,77.05,61,87,14.97,CK,2022-08-03 23:46:47
13,Kieta,-6.2167,155.6333,83.79,71,85,6.93,PG,2022-08-03 23:46:47
14,Nanortalik,60.1432,-45.2371,49.15,97,100,23.31,GL,2022-08-03 23:46:48
15,Bredasdorp,-34.5322,20.0403,47.16,93,7,6.35,ZA,2022-08-03 23:46:48
16,Busselton,-33.65,115.3333,52.86,70,78,13.56,AU,2022-08-03 23:46:49
17,Ribeira Grande,38.5167,-28.7,75.72,88,18,5.68,PT,2022-08-03 23:46:49
18,Sanguem,15.2333,74.1667,76.48,97,100,1.16,IN,2022-08-03 23:46:49
19,Touros,-5.1989,-35.4608,75.76,84,22,5.53,BR,2022-08-03 23:46:50
20,Longyearbyen,78.2186,15.6401,49.84,81,75,9.22,SJ,2022-08-03 23:46:50
21,Fort Nelson,58.8053,-122.7002,56.79,88,75,5.75,CA,2022-08-03 23:46:51
22,Kavieng,-2.5744,150.7967,83.28,76,96,17.2,PG,2022-08-03 23:46:51
23,Vrangel,42.7297,133.0839,73.62,91,84,3.87,RU,2022-08-03 23:46:51
24,Puerto Ayora,-0.7393,-90.3518,70.56,84,91,10.0,EC,2022-08-03 23:43:03
25,Jamestown,42.097,-79.2353,85.64,48,0,11.5,US,2022-08-03 23:46:52
26,Yulara,-25.2406,130.9889,62.35,42,62,14.18,AU,2022-08-03 23:46:52
27,Thompson,55.7435,-97.8558,62.76,48,75,9.22,CA,2022-08-03 23:46:52
28,Aklavik,68.2191,-135.0107,64.4,59,40,0.0,CA,2022-08-03 23:46:53
29,Pedregulho,-20.2569,-47.4767,67.96,38,36,4.76,BR,2022-08-03 23:46:53
30,Kristiinankaupunki,62.2743,21.376,63.09,94,77,20.69,FI,2022-08-03 23:46:53
31,Yeppoon,-23.1333,150.7333,67.78,76,10,8.41,AU,2022-08-03 23:46:54
32,Saint Anthony,45.0205,-93.218,80.82,53,20,17.27,US,2022-08-03 23:46:54
33,Chumikan,54.7183,135.315,54.61,96,100,1.07,RU,2022-08-03 23:46:54
34,Castro,-24.7911,-50.0119,59.76,69,3,4.07,BR,2022-08-03 23:46:55
35,Atuona,-9.8,-139.0333,77.36,81,15,14.05,PF,2022-08-03 23:46:55
36,Sao Filipe,14.8961,-24.4956,77.18,86,75,3.67,CV,2022-08-03 23:46:55
37,Makubetsu,45.3714,141.8211,69.51,94,75,5.75,JP,2022-08-03 23:46:56
38,Bengkulu,-3.8004,102.2655,74.46,92,96,3.36,ID,2022-08-03 23:46:56
39,Kursumlija,43.1458,21.2686,66.16,58,1,4.07,RS,2022-08-03 23:46:57
40,Buseresere,-3.0236,31.8747,66.83,55,31,4.09,TZ,2022-08-03 23:46:57
41,Arraial Do Cabo,-22.9661,-42.0278,69.73,73,0,7.23,BR,2022-08-03 23:46:57
42,Tasiilaq,65.6145,-37.6368,33.96,71,81,3.06,GL,2022-08-03 23:47:58
43,Komsomolskiy,40.4272,71.7189,75.54,40,43,2.13,UZ,2022-08-03 23:47:58
44,Tamworth,52.634,-1.6959,62.62,77,74,7.43,GB,2022-08-03 23:47:59
45,Riyadh,24.6877,46.7219,96.94,31,36,5.66,SA,2022-08-03 23:47:54
46,Artyom,40.4723,50.333,78.94,68,80,13.98,AZ,2022-08-03 23:47:59
47,Uaua,-9.8414,-39.4817,70.2,68,65,11.12,BR,2022-08-03 23:47:59
48,Butaritari,3.0707,172.7902,81.52,77,91,15.95,KI,2022-08-03 23:48:00
49,Minador Do Negrao,-9.3053,-36.8647,69.3,98,100,7.81,BR,2022-08-03 23:48:00
50,Bluff,-46.6,168.3333,52.65,68,100,17.54,NZ,2022-08-03 23:48:00
51,Grand Gaube,-20.0064,57.6608,68.4,67,96,16.53,MU,2022-08-03 23:48:01
52,Mazagao,-0.115,-51.2894,82.45,84,69,6.73,BR,2022-08-03 23:48:01
53,Albany,42.6001,-73.9662,86.41,58,4,2.46,US,2022-08-03 23:45:49
54,Olga,43.7444,135.2892,72.46,92,95,2.62,RU,2022-08-03 23:48:02
55,Carnarvon,-24.8667,113.6333,65.16,53,99,15.84,AU,2022-08-03 23:48:03
56,Barrow,71.2906,-156.7887,51.82,71,0,16.11,US,2022-08-03 23:48:03
57,Hilo,19.7297,-155.09,84.25,74,0,10.36,US,2022-08-03 23:43:13
58,Meadow Lake,34.8014,-106.5436,95.49,31,39,2.26,US,2022-08-03 23:48:04
59,Lokosovo,61.1333,74.8167,56.95,72,92,1.77,RU,2022-08-03 23:48:04
60,Conde,-7.2597,-34.9075,72.86,100,20,4.61,BR,2022-08-03 23:48:05
61,Kapaa,22.0752,-159.319,84.52,66,20,14.97,US,2022-08-03 23:48:05
62,Alampur,15.8833,78.15,78.15,87,100,3.89,IN,2022-08-03 23:48:06
63,Kahului,20.8947,-156.47,86.02,63,40,23.02,US,2022-08-03 23:45:28
64,Tessalit,20.1986,1.0114,88.05,37,66,12.86,ML,2022-08-03 23:48:06
65,Richards Bay,-28.783,32.0377,64.49,74,22,14.23,ZA,2022-08-03 23:48:07
66,Chaihe,44.7667,129.7,75.0,75,68,4.41,CN,2022-08-03 23:48:07
67,Domna,51.8971,113.1573,60.96,100,40,4.47,RU,2022-08-03 23:48:07
68,Calama,-22.4667,-68.9333,55.89,19,0,13.8,CL,2022-08-03 23:48:08
69,Havoysund,70.9963,24.6622,53.83,76,75,12.91,NO,2022-08-03 23:48:08
70,Hobart,-42.8794,147.3294,57.25,69,20,9.22,AU,2022-08-03 23:47:01
71,Lagoa,39.05,-27.9833,74.5,90,4,7.47,PT,2022-08-03 23:48:09
72,Baie-Comeau,49.2168,-68.1489,64.08,52,0,4.61,CA,2022-08-03 23:45:48
73,Sept-Iles,50.2001,-66.3821,66.2,61,75,6.91,CA,2022-08-03 23:48:09
74,Upernavik,72.7868,-56.1549,42.03,78,15,10.29,GL,2022-08-03 23:48:09
75,Port Alfred,-33.5906,26.891,58.17,92,21,10.11,ZA,2022-08-03 23:48:10
76,Cabo San Lucas,22.8909,-109.9124,94.6,65,6,10.07,MX,2022-08-03 23:47:41
77,Tura,25.5198,90.2201,73.56,96,100,2.08,IN,2022-08-03 23:48:11
78,Constitucion,-35.3333,-72.4167,47.89,86,25,7.63,CL,2022-08-03 23:48:12
79,Cape Town,-33.9258,18.4232,59.38,76,75,6.91,ZA,2022-08-03 23:48:12
80,Chapais,49.7834,-74.8492,58.78,90,100,10.89,CA,2022-08-03 23:48:12
81,Trelew,-43.249,-65.3051,45.18,69,29,6.44,AR,2022-08-03 23:48:13
82,Mahina,-17.5065,-149.489,82.17,65,75,3.44,PF,2022-08-03 23:47:45
83,Saint-Georges,12.0564,-61.7485,76.68,88,40,14.97,GD,2022-08-03 23:48:13
84,Haines Junction,60.7522,-137.5108,64.35,59,98,8.05,CA,2022-08-03 23:48:14
85,Onega,63.9061,38.1404,53.64,80,52,5.08,RU,2022-08-03 23:48:15
86,Severo-Kurilsk,50.6789,156.125,55.72,81,39,6.13,RU,2022-08-03 23:48:15
87,Airai,-8.9266,125.4092,65.14,52,98,2.93,TL,2022-08-03 23:48:16
88,San Policarpo,12.1791,125.5072,82.6,79,100,11.39,PH,2022-08-03 23:48:16
89,Bethel,41.3712,-73.414,84.07,65,0,4.59,US,2022-08-03 23:49:17
90,Gazojak,41.1875,61.4036,76.48,34,0,6.8,TM,2022-08-03 23:49:17
91,Kudahuvadhoo,2.6708,72.8944,80.71,77,98,19.55,MV,2022-08-03 23:49:17
92,Westport,41.1415,-73.3579,84.49,66,0,8.05,US,2022-08-03 23:49:18
93,Los Llanos De Aridane,28.6585,-17.9182,72.12,80,20,18.41,ES,2022-08-03 23:49:18
94,Kaitangata,-46.2817,169.8464,50.07,70,100,4.5,NZ,2022-08-03 23:49:19
95,Longyan,25.1072,117.0225,74.8,95,97,4.5,CN,2022-08-03 23:49:19
96,Kijang,35.2442,129.2139,85.73,73,3,5.1,KR,2022-08-03 23:49:19
97,Eydhafushi,5.1033,73.0708,80.76,80,100,23.09,MV,2022-08-03 23:49:20
98,Tiksi,71.6872,128.8694,44.87,76,98,5.32,RU,2022-08-03 23:49:21
99,Malartic,48.1335,-78.1328,70.02,91,100,12.28,CA,2022-08-03 23:45:17
100,Mataura,-46.1927,168.8643,49.98,68,100,5.66,NZ,2022-08-03 23:49:21
101,Vestmannaeyjar,63.4427,-20.2734,47.68,75,62,24.74,IS,2022-08-03 23:49:22
102,Dunedin,-45.8742,170.5036,49.8,74,100,3.0,NZ,2022-08-03 23:49:22
103,Tawau,4.2498,117.8871,77.13,94,76,1.01,MY,2022-08-03 23:49:23
104,Tomatlan,19.9333,-105.25,87.03,68,65,6.78,MX,2022-08-03 23:49:23
105,Vila Velha,-20.3297,-40.2925,73.35,91,40,5.75,BR,2022-08-03 23:49:23
106,Vaini,-21.2,-175.2,80.76,94,40,10.36,TO,2022-08-03 23:49:24
107,Kapchorwa,1.3965,34.4509,54.03,89,24,3.51,UG,2022-08-03 23:49:24
108,Amapala,13.2922,-87.6539,86.02,60,100,9.19,HN,2022-08-03 23:49:25
109,Gat,31.61,34.7642,84.4,82,6,2.19,IL,2022-08-03 23:49:25
110,Katsuura,35.1333,140.3,77.65,89,95,15.19,JP,2022-08-03 23:49:25
111,Saraland,30.8207,-88.0706,82.04,90,53,7.07,US,2022-08-03 23:49:25
112,Victoria,22.2855,114.1577,83.32,85,100,8.01,HK,2022-08-03 23:45:55
113,Buala,-8.145,159.5921,83.26,74,54,9.06,SB,2022-08-03 23:49:26
114,Gizo,-8.103,156.8419,83.61,68,32,6.98,SB,2022-08-03 23:49:26
115,Nanakuli,21.3906,-158.1547,85.37,51,40,14.97,US,2022-08-03 23:49:27
116,Kuusankoski,60.907,26.6244,59.52,91,0,3.44,FI,2022-08-03 23:49:28
117,Dublyany,49.9041,24.0864,58.51,83,3,3.62,UA,2022-08-03 23:49:28
118,Somerset,40.5668,-74.5496,87.75,50,0,4.12,US,2022-08-03 23:49:28
119,Mar Del Plata,-38.0023,-57.5575,50.88,91,100,5.99,AR,2022-08-03 23:44:57
120,Pangai,-19.8,-174.35,80.71,78,20,17.27,TO,2022-08-03 23:49:29
121,Pimentel,-6.8367,-79.9342,62.89,77,20,19.57,PE,2022-08-03 23:49:30
122,Trairi,-3.2778,-39.2689,75.99,83,45,8.16,BR,2022-08-03 23:48:29
123,Palu,-0.8917,119.8707,79.59,88,28,1.52,ID,2022-08-03 23:49:30
124,Lincoln,40.8,-96.667,94.91,50,0,11.5,US,2022-08-03 23:45:38
125,Abu Samrah,35.3029,37.1841,78.28,50,0,6.85,SY,2022-08-03 23:49:31
126,Kamenka,51.3223,42.7678,68.5,58,100,10.89,RU,2022-08-03 23:49:31
127,Norman Wells,65.282,-126.8329,64.44,63,75,12.66,CA,2022-08-03 23:49:32
128,Rio Grande,-32.035,-52.0986,60.91,98,100,12.06,BR,2022-08-03 23:48:21
129,Okhotsk,59.3833,143.3,57.67,85,100,3.94,RU,2022-08-03 23:49:32
130,Saskylakh,71.9167,114.0833,50.23,54,94,11.9,RU,2022-08-03 23:49:33
131,Ingham,42.6,-84.3833,71.78,95,100,6.91,US,2022-08-03 23:49:33
132,Presidencia Roque Saenz Pena,-26.7852,-60.4388,62.22,92,88,9.01,AR,2022-08-03 23:49:34
133,Agadir,30.4202,-9.5982,70.25,63,31,5.82,MA,2022-08-03 23:49:34
134,Hofn,64.2539,-15.2082,48.52,71,94,14.97,IS,2022-08-03 23:49:35
135,Waddan,29.1614,16.139,79.48,51,0,14.14,LY,2022-08-03 23:49:35
136,Albion,42.2431,-84.753,71.78,96,100,5.75,US,2022-08-03 23:50:35
137,Padang,-0.9492,100.3543,71.65,93,99,7.65,ID,2022-08-03 23:50:36
138,Rocha,-34.4833,-54.3333,53.96,96,100,4.32,UY,2022-08-03 23:50:36
139,Dombarovskiy,50.7587,59.5386,62.58,68,47,12.55,RU,2022-08-03 23:50:36
140,Rivera,-30.9053,-55.5508,60.82,98,100,8.72,UY,2022-08-03 23:50:37
141,Lao Cai,22.4833,103.95,78.64,94,40,1.34,VN,2022-08-03 23:50:37
142,Bambous Virieux,-20.3428,57.7575,68.25,77,40,9.22,MU,2022-08-03 23:50:37
143,Dalby,-27.1833,151.2667,69.98,57,27,3.0,AU,2022-08-03 23:50:38
144,Marystown,47.1666,-55.1483,66.85,100,35,3.0,CA,2022-08-03 23:50:38
145,Roma,43.2128,-75.4557,80.08,74,57,4.5,US,2022-08-03 23:50:38
146,Tuktoyaktuk,69.4541,-133.0374,51.8,82,20,11.5,CA,2022-08-03 23:50:39
147,Mehamn,71.0357,27.8492,55.9,82,66,9.62,NO,2022-08-03 23:50:39
148,Yatou,37.15,122.3833,82.63,85,1,8.77,CN,2022-08-03 23:50:39
149,Jacobina,-11.1806,-40.5183,68.9,70,19,7.63,BR,2022-08-03 23:50:40
150,Santa Fe,-31.6333,-60.7,56.01,91,100,11.01,AR,2022-08-03 23:50:40
151,Jalu,29.0331,21.5482,81.21,52,0,13.71,LY,2022-08-03 23:50:40
152,Luderitz,-26.6481,15.1594,53.73,92,0,11.32,NA,2022-08-03 23:50:41
153,Saint George,37.1041,-113.5841,99.19,25,0,4.61,US,2022-08-03 23:49:30
154,Acapulco,16.8634,-99.8901,84.15,73,59,4.41,MX,2022-08-03 23:50:41
155,Ancud,-41.8697,-73.8203,42.22,77,96,6.82,CL,2022-08-03 23:50:41
156,Inirida,3.8653,-67.9239,73.92,95,66,0.54,CO,2022-08-03 23:50:42
157,Plettenberg Bay,-34.0527,23.3716,57.49,89,92,6.24,ZA,2022-08-03 23:50:42
158,Geraldton,-28.7667,114.6,57.61,82,75,16.11,AU,2022-08-03 23:47:41
159,Traiguen,-38.25,-72.6833,41.61,93,36,4.52,CL,2022-08-03 23:47:01
160,Janesville,42.6828,-89.0187,83.08,75,95,1.99,US,2022-08-03 23:50:43
161,Saint-Philippe,-21.3585,55.7679,65.79,82,48,9.86,RE,2022-08-03 23:50:43
162,Egvekinot,66.3167,-179.1667,54.64,63,55,5.99,RU,2022-08-03 23:50:43
163,Cherskiy,68.75,161.3,49.23,71,100,7.94,RU,2022-08-03 23:50:44
164,Buzmeyin,38.0507,58.2056,74.93,33,0,2.3,TM,2022-08-03 23:50:44
165,Qaanaaq,77.484,-69.3632,45.28,61,54,2.75,GL,2022-08-03 23:50:44
166,Mpanda,-6.3655,31.0409,64.78,48,21,2.73,TZ,2022-08-03 23:50:45
167,Porbandar,21.6422,69.6093,81.84,78,98,6.49,IN,2022-08-03 23:50:45
168,Grindavik,63.8424,-22.4338,48.15,76,20,13.8,IS,2022-08-03 23:50:45
169,Khuzdar,27.7384,66.6434,79.02,64,95,2.84,PK,2022-08-03 23:50:46
170,Bidar,17.9,77.55,75.97,83,100,1.74,IN,2022-08-03 23:50:46
171,Aksarka,66.5606,67.7975,59.14,65,10,7.78,RU,2022-08-03 23:50:46
172,Narasannapeta,18.4167,84.05,78.78,86,100,9.01,IN,2022-08-03 23:50:47
173,Lulea,65.5842,22.1547,60.87,94,100,11.5,SE,2022-08-03 23:49:09
174,Aykhal,66.0,111.5,39.29,97,100,25.32,RU,2022-08-03 23:50:47
175,Verkhnyaya Inta,65.9811,60.3094,61.99,68,71,10.09,RU,2022-08-03 23:50:47
176,Nefteyugansk,61.0998,72.6035,58.15,67,71,6.22,RU,2022-08-03 23:50:48
177,Provideniya,64.3833,-173.3,44.71,100,75,13.42,RU,2022-08-03 23:50:48
178,Port Elizabeth,-33.918,25.5701,57.49,94,0,12.66,ZA,2022-08-03 23:50:48
179,Sur,22.5667,59.5289,86.2,67,15,8.5,OM,2022-08-03 23:50:49
180,Yar-Sale,66.8333,70.8333,58.91,67,45,8.61,RU,2022-08-03 23:50:49
181,Yellowknife,62.456,-114.3525,64.92,39,40,9.22,CA,2022-08-03 23:50:49
182,Asau,46.4333,26.4,64.96,90,12,4.74,RO,2022-08-03 23:50:50
183,Andapa,-14.65,49.65,56.01,98,22,3.02,MG,2022-08-03 23:51:50
184,Yuma,32.7253,-114.6244,106.57,27,75,5.75,US,2022-08-03 23:51:50
185,Broome,42.2506,-75.833,86.38,34,0,5.75,US,2022-08-03 23:51:51
186,Jiblah,13.9216,44.1467,65.59,73,99,3.71,YE,2022-08-03 23:51:51
187,Meulaboh,4.1363,96.1285,74.17,90,100,4.79,ID,2022-08-03 23:51:51
188,Ostrovnoy,68.0531,39.5131,53.22,86,89,14.99,RU,2022-08-03 23:51:52
189,Henties Bay,-22.116,14.2845,54.1,94,63,7.63,NA,2022-08-03 23:51:52
190,Tuatapere,-46.1333,167.6833,52.03,77,88,11.05,NZ,2022-08-03 23:51:52
191,Sabang,5.8933,95.3214,81.88,64,100,9.26,ID,2022-08-03 23:51:53
192,Vardo,70.3705,31.1107,51.78,100,75,4.61,NO,2022-08-03 23:51:53
193,Leningradskiy,69.3833,178.4167,42.51,89,100,4.0,RU,2022-08-03 23:51:53
194,Te Anau,-45.4167,167.7167,43.77,95,99,7.74,NZ,2022-08-03 23:51:54
195,Shizunai,42.3339,142.3669,66.7,85,100,4.9,JP,2022-08-03 23:47:38
196,Lasa,46.6166,10.7002,68.88,90,17,1.72,IT,2022-08-03 23:51:54
197,Hithadhoo,-0.6,73.0833,81.16,72,97,17.58,MV,2022-08-03 23:51:54
198,Torbay,47.6666,-52.7314,70.75,88,75,19.57,CA,2022-08-03 23:51:55
199,Khani,41.9563,42.9566,65.77,93,48,1.88,GE,2022-08-03 23:51:55
200,Saint-Augustin,51.226,-58.6502,60.01,92,35,13.2,CA,2022-08-03 23:51:55
201,Clyde River,70.4692,-68.5914,39.43,100,100,14.97,CA,2022-08-03 23:51:56
202,Santander,43.4647,-3.8044,71.46,93,75,4.0,ES,2022-08-03 23:51:56
203,Lardos,36.0942,28.0157,76.95,73,0,9.01,GR,2022-08-03 23:51:56
204,Kasama,-10.2129,31.1808,53.6,78,15,3.27,ZM,2022-08-03 23:51:57
205,Catamarca,-28.4696,-65.7852,60.78,49,71,5.01,AR,2022-08-03 23:49:18
206,Karakol,42.4907,78.3936,57.42,51,8,3.83,KG,2022-08-03 23:51:57
207,Humboldt,40.6665,-123.9178,76.6,49,35,7.4,US,2022-08-03 23:51:57
208,Kalemie,-5.9475,29.1947,70.47,55,16,1.81,CD,2022-08-03 23:51:58
209,Kutum,14.2,24.6667,71.28,73,99,6.82,SD,2022-08-03 23:51:58
210,Iqaluit,63.7506,-68.5145,51.53,71,40,12.66,CA,2022-08-03 23:51:58
211,Alofi,-19.0595,-169.9187,78.69,73,37,20.71,NU,2022-08-03 23:51:59
212,Qianjiang,30.4151,112.8859,83.91,78,36,1.99,CN,2022-08-03 23:51:59
213,Puerto Carreno,6.189,-67.4859,78.78,89,20,5.75,CO,2022-08-03 23:51:59
214,Ketchikan,55.3422,-131.6461,61.27,72,100,6.91,US,2022-08-03 23:52:00
215,Cockburn Town,21.4612,-71.1419,82.08,77,7,19.33,TC,2022-08-03 23:50:50
216,Banda Aceh,5.5577,95.3222,79.14,63,100,7.78,ID,2022-08-03 23:52:00
217,Cabanglasan,8.1214,125.3275,72.61,97,100,1.68,PH,2022-08-03 23:52:00
218,Talcahuano,-36.7167,-73.1167,49.68,76,100,3.44,CL,2022-08-03 23:52:01
219,Darasun,51.6667,114.0,60.69,96,100,2.75,RU,2022-08-03 23:52:01
220,Goderich,43.7501,-81.7165,70.92,94,100,5.75,CA,2022-08-03 23:48:24
221,Nabire,-3.3667,135.4833,79.39,88,100,0.76,ID,2022-08-03 23:52:02
222,Nishihara,26.1842,127.7558,85.68,82,40,6.91,JP,2022-08-03 23:52:02
223,Rio Gallegos,-51.6226,-69.2181,37.45,100,75,12.66,AR,2022-08-03 23:52:02
224,Navoloki,57.4657,41.9634,65.7,59,100,2.68,RU,2022-08-03 23:52:03
225,Ginir,7.1333,40.7,58.03,78,99,10.71,ET,2022-08-03 23:52:03
226,Mahebourg,-20.4081,57.7,68.29,77,40,9.22,MU,2022-08-03 23:52:03
227,Puerto Leguizamo,-0.1934,-74.7819,74.37,93,72,2.51,CO,2022-08-03 23:52:04
228,Kruisfontein,-34.0033,24.7314,55.53,91,73,5.88,ZA,2022-08-03 23:52:04
229,Ploemeur,47.7333,-3.4333,68.83,87,0,9.22,FR,2022-08-03 23:53:04
230,Marrakesh,31.6315,-8.0083,86.07,37,20,4.61,MA,2022-08-03 23:53:05
231,Turukhansk,65.8167,87.9833,53.51,58,26,7.43,RU,2022-08-03 23:53:05
232,Half Moon Bay,37.4636,-122.4286,92.53,80,100,23.02,US,2022-08-03 23:50:17
233,Nantucket,41.2835,-70.0995,77.11,91,0,4.76,US,2022-08-03 23:53:06
234,Guarapari,-20.6667,-40.4975,71.89,91,5,1.43,BR,2022-08-03 23:53:06
235,Hervey Bay,-25.2986,152.8535,69.03,85,1,5.99,AU,2022-08-03 23:53:07
236,Khatanga,71.9667,102.5,53.56,62,100,10.56,RU,2022-08-03 23:53:07
237,Petatlan,17.5167,-101.2667,85.05,67,58,4.63,MX,2022-08-03 23:53:07
238,Mabaruma,8.2,-59.7833,74.23,95,51,3.09,GY,2022-08-03 23:53:08
239,Lorengau,-2.0226,147.2712,82.13,81,92,12.06,PG,2022-08-03 23:53:08
240,Bowen,-20.0167,148.2333,69.31,79,99,8.39,AU,2022-08-03 23:53:09
241,Sorland,67.667,12.6934,55.26,93,82,18.7,NO,2022-08-03 23:53:09
242,Durusu,41.3053,28.6767,76.84,81,0,13.0,TR,2022-08-03 23:53:09
243,Iranshahr,27.2025,60.6848,89.53,36,0,4.25,IR,2022-08-03 23:53:10
244,Caravelas,-17.7125,-39.2481,69.69,74,65,6.13,BR,2022-08-03 23:53:10
245,Tautira,-17.7333,-149.15,76.91,80,45,25.21,PF,2022-08-03 23:53:11
246,Micheweni,-4.9667,39.8333,74.19,75,0,13.11,TZ,2022-08-03 23:53:11
247,Araouane,18.9048,-3.5265,88.88,41,70,18.92,ML,2022-08-03 23:53:12
248,Kenai,60.5544,-151.2583,72.03,56,0,11.5,US,2022-08-03 23:53:12
249,Narsaq,60.9167,-46.05,47.91,98,100,6.82,GL,2022-08-03 23:53:13
250,Bani,18.2833,-70.3333,80.04,77,82,9.17,DO,2022-08-03 23:53:13
251,Nichinan,31.6,131.3667,89.28,70,45,5.91,JP,2022-08-03 23:53:14
252,Ilulissat,69.2167,-51.1,46.17,61,100,8.37,GL,2022-08-03 23:53:14
253,Kalianget,-7.05,113.9333,79.61,76,60,6.8,ID,2022-08-03 23:53:14
254,Kodiak,57.79,-152.4072,60.6,67,100,1.28,US,2022-08-03 23:53:15
255,Bokajan,26.0167,93.7833,76.3,97,98,2.75,IN,2022-08-03 23:53:15
256,Severo-Yeniseyskiy,60.3725,93.0408,47.37,99,100,2.64,RU,2022-08-03 23:53:16
257,La Ronge,55.1001,-105.2842,66.45,52,75,6.91,CA,2022-08-03 23:53:16
258,Vao,-22.6667,167.4833,72.09,80,47,14.18,NC,2022-08-03 23:53:17
259,The Valley,18.217,-63.0578,84.34,74,20,13.8,AI,2022-08-03 23:53:17
260,Xihua,33.7833,114.5167,87.06,68,6,5.77,CN,2022-08-03 23:53:17
261,Guerrero Negro,27.9769,-114.0611,76.1,68,41,18.01,MX,2022-08-03 23:53:18
262,Raton,36.9034,-104.4391,77.34,85,20,5.75,US,2022-08-03 23:53:18
263,Vila Franca Do Campo,37.7167,-25.4333,73.81,90,37,5.06,PT,2022-08-03 23:53:19
264,Souillac,-20.5167,57.5167,68.38,77,40,9.22,MU,2022-08-03 23:53:19
265,Coquimbo,-29.9533,-71.3436,53.33,87,20,3.44,CL,2022-08-03 23:53:19
266,Abnub,27.2696,31.1511,86.22,29,0,11.65,EG,2022-08-03 23:53:20
267,Olive Branch,34.9618,-89.8295,90.66,64,40,11.5,US,2022-08-03 23:53:20
268,Palmas Bellas,9.2319,-80.0867,79.34,94,100,6.17,PA,2022-08-03 23:53:21
269,Ceyranbatan,40.5408,49.6597,78.51,63,72,13.2,AZ,2022-08-03 23:53:21
270,Nikolskoye,59.7035,30.7861,62.49,91,65,4.45,RU,2022-08-03 23:53:21
271,Salalah,17.0151,54.0924,77.38,93,93,6.42,OM,2022-08-03 23:53:22
272,Ust-Omchug,61.15,149.6333,58.95,79,100,5.44,RU,2022-08-03 23:53:22
273,Comodoro Rivadavia,-45.8667,-67.5,44.46,61,0,4.61,AR,2022-08-03 23:53:22
274,Paciran,-6.8767,112.3761,77.2,81,70,5.08,ID,2022-08-03 23:53:23
275,Esperance,-33.8667,121.9,55.29,67,84,31.81,AU,2022-08-03 23:53:23
276,Marmande,44.5,0.1667,79.11,83,74,6.98,FR,2022-08-03 23:54:24
277,Shingu,33.7333,135.9833,89.65,59,3,3.2,JP,2022-08-03 23:54:24
278,Beloha,-25.1667,45.05,61.23,86,0,8.55,MG,2022-08-03 23:54:24
279,Nuuk,64.1835,-51.7216,47.88,93,100,9.4,GL,2022-08-03 23:54:25
280,New Norfolk,-42.7826,147.0587,57.92,81,33,1.01,AU,2022-08-03 23:54:25
281,Sakakah,29.9697,40.2064,98.17,21,2,6.38,SA,2022-08-03 23:54:25
282,Kuminskiy,58.6667,66.5667,54.09,81,42,1.59,RU,2022-08-03 23:54:26
283,Cayenne,4.9333,-52.3333,82.09,1,0,4.61,GF,2022-08-03 23:52:54
284,Nicoya,10.1483,-85.452,72.95,88,100,3.56,CR,2022-08-03 23:54:26
285,Udachnyy,66.4167,112.4,43.45,93,100,21.18,RU,2022-08-03 23:54:27
286,Sampit,-2.5333,112.95,76.14,92,88,1.7,ID,2022-08-03 23:54:27
287,Leeton,-34.5667,146.4,59.9,96,100,16.93,AU,2022-08-03 23:54:27
288,Lastoursville,-0.8143,12.7287,75.22,67,52,1.72,GA,2022-08-03 23:54:28
289,Hamilton,39.1834,-84.5333,87.15,65,14,1.01,US,2022-08-03 23:54:28
290,Zwedru,6.0667,-8.1281,70.2,97,81,3.27,LR,2022-08-03 23:54:28
291,Codrington,-38.2667,141.9667,52.57,80,10,18.12,AU,2022-08-03 23:54:29
292,Champerico,14.3,-91.9167,88.34,76,96,2.75,GT,2022-08-03 23:54:29
293,Hendrina,-26.1588,29.7153,47.61,77,39,3.2,ZA,2022-08-03 23:54:30
294,Lianzhou,24.7811,112.3825,79.18,90,46,1.77,CN,2022-08-03 23:54:30
295,Ankang,32.68,109.0172,78.78,85,1,0.87,CN,2022-08-03 23:54:30
296,Lavrentiya,65.5833,-171.0,50.04,80,46,8.61,RU,2022-08-03 23:54:30
297,Takoradi,4.8845,-1.7554,72.37,82,25,9.33,GH,2022-08-03 23:54:31
298,Pokaran,26.9167,71.9167,86.41,62,100,9.19,IN,2022-08-03 23:54:32
299,Nome,64.5011,-165.4064,58.15,82,100,6.91,US,2022-08-03 23:51:50
300,Kozulka,50.0351,23.797,58.03,81,0,2.71,UA,2022-08-03 23:54:32
301,Vaxjo,56.8777,14.8091,64.45,88,20,5.75,SE,2022-08-03 23:54:33
302,Galeana,24.8333,-100.0667,78.39,38,39,7.67,MX,2022-08-03 23:54:34
303,Washougal,45.5826,-122.3534,90.37,39,0,3.0,US,2022-08-03 23:53:08
304,Sinnamary,5.3833,-52.95,78.57,87,82,10.29,GF,2022-08-03 23:54:34
305,Progreso,21.2833,-89.6667,89.11,79,9,15.19,MX,2022-08-03 23:54:35
306,Wanaka,-44.7,169.15,45.57,87,33,9.33,NZ,2022-08-03 23:54:36
307,Sarahan,31.5167,77.8,63.59,93,75,0.13,IN,2022-08-03 23:54:36
308,Fukue,32.6881,128.8419,82.76,94,75,3.44,JP,2022-08-03 23:54:36
309,Leiyang,26.4024,112.8591,83.46,74,14,4.07,CN,2022-08-03 23:54:37
310,Sioux Lookout,50.1001,-91.917,64.47,68,75,5.75,CA,2022-08-03 23:54:37
311,Kirkuk,35.4681,44.3922,95.32,16,0,9.01,IQ,2022-08-03 23:54:37
312,Uvira,-3.4067,29.1458,75.22,71,99,0.69,CD,2022-08-03 23:54:38
313,Turkistan,43.0,68.0,70.68,59,52,7.4,KZ,2022-08-03 23:54:38
314,Road Town,18.4167,-64.6167,82.44,78,40,10.36,VG,2022-08-03 23:54:38
315,Huarmey,-10.0681,-78.1522,63.32,83,12,11.7,PE,2022-08-03 23:54:39
316,Itarema,-2.9248,-39.9167,77.05,80,45,12.77,BR,2022-08-03 23:54:39
317,Lompoc,34.6391,-120.4579,89.02,69,0,13.8,US,2022-08-03 23:54:40
318,Chokurdakh,70.6333,147.9167,50.49,60,94,12.86,RU,2022-08-03 23:55:40
319,Minab,27.1467,57.0801,88.12,74,72,0.0,IR,2022-08-03 23:55:40
320,Ishinomaki,38.4167,141.3,69.8,84,100,7.54,JP,2022-08-03 23:55:41
321,Kavaratti,10.5669,72.642,77.41,90,100,29.84,IN,2022-08-03 23:55:41
322,Bom Jesus Do Galho,-19.8289,-42.3161,59.59,57,35,3.71,BR,2022-08-03 23:55:41
323,Rawson,-43.3002,-65.1023,46.54,71,13,13.15,AR,2022-08-03 23:50:51
324,Sargatskoye,55.6101,73.4972,54.91,83,2,6.02,RU,2022-08-03 23:55:42
325,Hsinchu,24.8036,120.9686,87.78,85,3,1.99,TW,2022-08-03 23:51:44
326,Hay River,60.8156,-115.7999,64.38,52,20,17.27,CA,2022-08-03 23:55:42
327,Porto Velho,-8.7619,-63.9039,84.25,61,81,5.75,BR,2022-08-03 23:55:43
328,Dembi Dolo,8.5333,34.8,56.66,95,79,1.81,ET,2022-08-03 23:55:43
329,Alberton,46.8168,-64.0654,69.93,89,34,9.62,CA,2022-08-03 23:55:44
330,Vuktyl,63.8567,57.3094,59.58,72,100,5.95,RU,2022-08-03 23:55:44
331,Liverpool,53.4106,-2.9779,62.62,80,20,5.75,GB,2022-08-03 23:54:10
332,Akyab,20.15,92.9,82.54,83,100,10.98,MM,2022-08-03 23:55:44
333,Joaquim Gomes,-9.1373,-35.7519,73.65,96,100,6.17,BR,2022-08-03 23:55:45
334,Dingle,10.9995,122.6711,79.11,87,100,1.45,PH,2022-08-03 23:55:45
335,Conceicao Do Araguaia,-8.2578,-49.2647,78.75,39,99,2.06,BR,2022-08-03 23:55:45
336,Kazachinskoye,57.6953,93.2761,50.99,97,100,4.21,RU,2022-08-03 23:55:46
337,Ixtapa,20.7,-105.2,85.23,66,86,1.99,MX,2022-08-03 23:55:46
338,Sabile,57.0458,22.5726,59.11,81,41,5.82,LV,2022-08-03 23:55:46
339,Petropavlovsk-Kamchatskiy,53.0452,158.6483,64.99,63,20,4.47,RU,2022-08-03 23:55:47
340,San Juan Nepomuceno,9.9516,-75.082,75.15,93,100,4.18,CO,2022-08-03 23:55:47
341,Marzuq,14.4,46.4667,77.88,64,86,4.59,YE,2022-08-03 23:55:47
342,Asbestos,45.7668,-71.9324,76.55,64,74,3.67,CA,2022-08-03 23:55:48
343,Lata,40.1629,-8.3327,60.62,96,26,2.01,PT,2022-08-03 23:55:48
344,Santa Maria,-29.6842,-53.8069,63.7,100,75,8.05,BR,2022-08-03 23:55:48
345,East London,-33.0153,27.9116,70.12,49,65,5.95,ZA,2022-08-03 23:55:49
346,Havre-Saint-Pierre,50.2334,-63.5986,59.36,77,0,10.36,CA,2022-08-03 23:55:49
347,Rybinsk,58.0446,38.8426,60.17,92,60,2.13,RU,2022-08-03 23:55:49
348,Natal,-5.795,-35.2094,79.02,94,75,3.44,BR,2022-08-03 23:53:58
349,Zhangye,38.9342,100.4517,78.4,47,12,1.88,CN,2022-08-03 23:55:50
350,Hirara,24.8,125.2833,84.47,84,20,6.91,JP,2022-08-03 23:55:50
351,Zonguldak,41.25,31.8333,58.05,92,39,1.88,TR,2022-08-03 23:55:51
352,Jiaohe,43.7286,127.3447,76.69,87,3,3.8,CN,2022-08-03 23:55:51
353,Honiara,-9.4333,159.95,86.97,62,4,7.65,SB,2022-08-03 23:55:51
354,Biak,-0.9131,122.8766,78.53,74,80,7.4,ID,2022-08-03 23:55:52
355,Mahenge,-8.6833,36.7167,57.81,74,22,2.1,TZ,2022-08-03 23:55:52
356,Karratha,-20.7377,116.8463,64.47,64,4,13.76,AU,2022-08-03 23:55:52
357,Harindanga,22.0383,88.3214,81.41,83,100,3.98,IN,2022-08-03 23:55:53
358,Palmer,42.1584,-72.3287,81.43,65,0,4.81,US,2022-08-03 23:55:53
359,Aswan,24.0934,32.907,90.7,19,0,5.75,EG,2022-08-03 23:55:53
360,Matehuala,23.65,-100.65,83.61,25,35,18.01,MX,2022-08-03 23:55:54
361,Poya,-21.35,165.15,78.58,74,25,6.96,NC,2022-08-03 23:55:54
362,Hengshui,37.7322,115.7011,87.19,70,52,12.46,CN,2022-08-03 23:55:54
363,Lukow,51.929,22.3796,61.93,71,8,5.91,PL,2022-08-03 23:55:55
364,Mayo,38.8876,-76.5119,89.19,69,0,7.0,US,2022-08-03 23:55:55
365,Qasigiannguit,68.8193,-51.1922,47.39,62,100,4.99,GL,2022-08-03 23:56:55
366,Tygda,53.1167,126.3333,74.8,63,98,8.72,RU,2022-08-03 23:56:56
367,Marsh Harbour,26.5412,-77.0636,83.73,68,3,11.65,BS,2022-08-03 23:54:37
368,Doaba,33.4244,70.7364,80.2,69,32,1.39,PK,2022-08-03 23:56:56
369,Namibe,-15.1961,12.1522,59.45,85,3,5.53,AO,2022-08-03 23:56:56
370,Fairbanks,64.8378,-147.7164,74.08,45,40,5.75,US,2022-08-03 23:56:57
371,Gafanha Da Encarnacao,40.6181,-8.733,65.01,81,16,3.31,PT,2022-08-03 23:56:57
372,San Clemente,33.427,-117.612,94.26,76,37,5.99,US,2022-08-03 23:53:12
373,Zeya,53.75,127.2667,73.15,67,100,4.97,RU,2022-08-03 23:56:58
374,Vostok,46.4856,135.8833,73.18,80,65,1.72,RU,2022-08-03 23:56:58
375,Batticaloa,7.7102,81.6924,80.08,70,100,8.1,LK,2022-08-03 23:56:58
376,Khor,47.8861,134.9464,75.15,82,66,0.76,RU,2022-08-03 23:56:59
377,Havelock,34.8791,-76.9013,84.15,90,63,1.01,US,2022-08-03 23:56:59
378,Charters Towers,-20.1,146.2667,71.06,63,26,12.55,AU,2022-08-03 23:56:59
379,Chicama,-7.8447,-79.1469,59.54,83,30,6.55,PE,2022-08-03 23:57:00
380,Olinda,-8.0089,-34.8553,73.13,94,75,8.05,BR,2022-08-03 23:57:00
381,Kirakira,-10.4544,161.9205,83.88,72,25,10.76,SB,2022-08-03 23:57:00
382,Hobyo,5.3505,48.5268,75.96,82,94,25.66,SO,2022-08-03 23:57:01
383,Muncar,-8.4333,114.3333,75.29,87,74,1.79,ID,2022-08-03 23:57:01
384,Koumac,-20.5667,164.2833,78.26,74,15,7.74,NC,2022-08-03 23:57:02
385,Lebu,-37.6167,-73.65,47.97,89,56,6.8,CL,2022-08-03 23:57:02
386,Makueni,-1.8041,37.6203,58.69,86,76,4.32,KE,2022-08-03 23:57:03
387,Casa Nova,-9.4167,-41.1333,77.72,57,79,18.3,BR,2022-08-03 23:57:03
388,Rovaniemi,66.5,25.7167,60.21,100,100,12.66,FI,2022-08-03 23:57:03
389,Scottsbluff,41.8666,-103.6672,80.58,38,76,4.52,US,2022-08-03 23:57:04
390,Drumheller,51.4617,-112.7101,88.93,20,99,4.61,CA,2022-08-03 23:57:04
391,Lazaro Cardenas,17.9583,-102.2,85.5,70,48,9.28,MX,2022-08-03 23:57:05
392,Harer,9.3094,42.1258,61.61,69,82,14.07,ET,2022-08-03 23:57:05
393,Khash,28.2211,61.2158,77.34,21,0,4.47,IR,2022-08-03 23:57:05
394,Adrar,20.5022,-10.0711,95.23,28,7,18.19,MR,2022-08-03 23:57:06
395,Koungheul,13.9833,-14.8,76.28,86,100,5.32,SN,2022-08-03 23:57:06
396,Caluquembe,-13.7833,14.6833,56.07,52,4,2.82,AO,2022-08-03 23:57:07
397,Gisborne,-38.6533,178.0042,59.29,63,1,4.03,NZ,2022-08-03 23:53:12
398,La Union,-5.4,-80.75,69.76,64,49,17.94,PE,2022-08-03 23:54:47
399,Jales,-20.2689,-50.5458,76.42,33,62,4.23,BR,2022-08-03 23:57:07
400,Bilibino,68.0546,166.4372,55.36,96,100,2.73,RU,2022-08-03 23:57:08
401,Eureka,40.8021,-124.1637,85.68,76,35,7.0,US,2022-08-03 23:53:24
402,Kawalu,-7.3817,108.2082,72.39,96,99,0.69,ID,2022-08-03 23:57:08
403,Vilhena,-12.7406,-60.1458,82.62,36,0,5.75,BR,2022-08-03 23:54:54
404,Nongan,44.382,125.1685,79.07,86,1,8.84,CN,2022-08-03 23:57:10
405,Pirapora,-17.345,-44.9419,72.03,41,1,0.78,BR,2022-08-03 23:57:10
406,Portland,45.5234,-122.6762,90.3,39,0,8.01,US,2022-08-03 23:55:22
407,Port Lincoln,-34.7333,135.8667,57.16,73,2,32.41,AU,2022-08-03 23:57:11
408,Bandarbeyla,9.4942,50.8122,76.39,80,21,28.54,SO,2022-08-03 23:57:11
409,Isangel,-19.55,169.2667,80.71,83,75,4.61,VU,2022-08-03 23:57:12
410,Strunino,56.3833,38.5667,63.68,65,99,3.96,RU,2022-08-03 23:57:12
411,Makakilo City,21.3469,-158.0858,84.61,54,20,12.66,US,2022-08-03 23:58:13
412,Sitka,57.0531,-135.33,59.74,82,96,5.39,US,2022-08-03 23:55:06
413,Fort-Shevchenko,44.5086,50.263,82.11,44,42,9.64,KZ,2022-08-03 23:58:13
414,Zhoucheng,35.9122,116.3117,84.38,83,0,8.01,CN,2022-08-03 23:58:14
415,Bathsheba,13.2167,-59.5167,83.01,88,75,19.57,BB,2022-08-03 23:58:14
416,Nouadhibou,20.931,-17.0347,75.18,78,100,6.91,MR,2022-08-03 23:58:15
417,Shimoda,34.6667,138.95,77.36,83,73,9.98,JP,2022-08-03 23:58:15
418,Ahipara,-35.1667,173.1667,63.23,71,2,2.13,NZ,2022-08-03 23:58:16
419,Estrela,-28.0611,-50.9383,59.43,87,42,4.9,BR,2022-08-03 23:55:14
420,Villanueva De La Serena,38.9766,-5.7974,78.73,21,0,3.29,ES,2022-08-03 23:58:17
421,Ola,59.5833,151.2833,59.14,83,100,13.56,RU,2022-08-03 23:58:18
422,Guiren,33.6697,118.1889,85.77,80,0,6.4,CN,2022-08-03 23:58:18
423,Cururupu,-1.8283,-44.8683,75.07,88,41,3.69,BR,2022-08-03 23:58:19
424,Balkhash,46.844,74.9804,67.8,70,48,6.87,KZ,2022-08-03 23:58:19
425,Churapcha,62.0025,132.4325,67.98,79,100,2.42,RU,2022-08-03 23:58:19
426,Pangnirtung,66.1451,-65.7125,47.28,74,100,1.81,CA,2022-08-03 23:58:20
427,Porteirinha,-15.7433,-43.0283,68.85,41,1,7.58,BR,2022-08-03 23:58:20
428,Kuala Terengganu,5.3302,103.1408,76.95,88,20,3.44,MY,2022-08-03 23:58:21
429,Piacabucu,-10.4056,-36.4344,75.07,83,99,10.65,BR,2022-08-03 23:58:21
430,Birao,10.2849,22.7882,70.38,97,96,10.51,CF,2022-08-03 23:58:22
431,Pacific Grove,36.6177,-121.9166,80.87,81,45,8.01,US,2022-08-03 23:58:22
432,Oranjemund,-28.55,16.4333,53.46,95,30,6.89,NA,2022-08-03 23:58:22
433,Port Blair,11.6667,92.75,78.84,89,75,8.05,IN,2022-08-03 23:58:23
434,Kautokeino,69.0125,23.0412,53.13,97,100,12.55,NO,2022-08-03 23:58:23
435,Vila,42.0304,-8.1588,59.88,96,8,5.75,PT,2022-08-03 23:58:24
436,Gorlev,55.5393,11.2271,69.91,89,13,5.06,DK,2022-08-03 23:58:24
437,Ust-Kuyga,70.0167,135.6,46.81,70,100,3.96,RU,2022-08-03 23:58:24
438,Pisco,-13.7,-76.2167,63.01,77,0,16.11,PE,2022-08-03 23:54:17
439,Dekar,-21.5333,21.9333,54.68,25,22,6.22,BW,2022-08-03 23:58:25
440,Killybegs,54.6333,-8.45,55.06,81,91,12.97,IE,2022-08-03 23:58:26
441,Zhigansk,66.7697,123.3711,45.95,67,100,20.2,RU,2022-08-03 23:58:26
442,Queretaro,21.0,-99.9167,76.64,39,36,15.26,MX,2022-08-03 23:58:26
443,Maxixe,-23.8597,35.3472,63.5,74,0,3.89,MZ,2022-08-03 23:58:27
444,Bambanglipuro,-7.95,110.2833,76.55,82,75,5.61,ID,2022-08-03 23:58:27
445,Acari,-15.4311,-74.6158,62.2,80,22,5.17,PE,2022-08-03 23:58:27
446,Akureyri,65.6835,-18.0878,44.53,87,75,14.97,IS,2022-08-03 23:58:28
447,Ariquemes,-9.9133,-63.0408,84.29,44,78,3.27,BR,2022-08-03 23:58:28
448,Umm Kaddadah,13.6017,26.6876,81.97,52,97,10.04,SD,2022-08-03 23:58:29
449,Caraquet,47.7941,-64.9386,68.54,86,3,6.33,CA,2022-08-03 23:58:29
450,Fortuna,40.5982,-124.1573,69.91,72,20,11.5,US,2022-08-03 23:58:30
451,Campbell River,50.0163,-125.2446,67.53,94,100,8.05,CA,2022-08-03 23:56:05
452,Kargopol,61.5071,38.9456,55.38,90,70,3.09,RU,2022-08-03 23:58:30
453,Rodrigues Alves,-7.738,-72.6509,82.6,93,94,0.78,BR,2022-08-03 23:58:31
454,Pontiac,42.6389,-83.2911,73.06,94,100,6.91,US,2022-08-03 23:58:53
455,Lockhart,28.6194,-81.4426,85.87,74,61,3.71,US,2022-08-03 23:59:31
456,Zhoukou,33.6333,114.6333,86.54,71,16,6.2,CN,2022-08-03 23:59:31
457,Teknaf,20.8624,92.3058,80.35,89,100,8.52,BD,2022-08-03 23:59:32
458,Talnakh,69.4865,88.3972,54.21,52,15,3.98,RU,2022-08-03 23:59:32
459,Rundu,-17.9333,19.7667,61.0,49,2,3.78,NA,2022-08-03 23:59:32
460,Ormara,25.2088,64.6357,81.34,87,59,5.88,PK,2022-08-03 23:59:33
461,Dakar,14.6937,-17.4441,80.73,89,20,0.0,SN,2022-08-03 23:59:33
462,Mtinko,-4.55,34.85,58.21,68,48,10.54,TZ,2022-08-03 23:59:33
463,Brae,60.3964,-1.353,51.53,78,64,12.35,GB,2022-08-03 23:59:34
464,Husum,54.4858,9.0524,65.98,92,20,5.01,DE,2022-08-03 23:59:34
465,Yerbogachen,61.2767,108.0108,54.55,84,66,10.98,RU,2022-08-03 23:59:34
466,Muros,42.7762,-9.0603,69.1,77,72,10.13,ES,2022-08-03 23:59:35
467,Broken Hill,-31.95,141.4333,66.4,64,70,22.19,AU,2022-08-03 23:56:39
468,Rockhampton,-23.3833,150.5,67.89,83,75,5.75,AU,2022-08-03 23:55:07
469,Save,8.0425,2.486,70.52,90,62,6.85,BJ,2022-08-03 23:59:35
470,Plouzane,48.3833,-4.6167,62.65,91,20,9.22,FR,2022-08-03 23:59:35
471,Gao,16.6362,1.637,90.09,37,9,8.39,ML,2022-08-03 23:59:36
472,Kinshasa,-4.3246,15.3215,77.0,58,25,1.48,CD,2022-08-03 23:55:15
473,San Quintin,30.4833,-115.95,74.35,71,55,15.35,MX,2022-08-03 23:59:36
474,Honningsvag,70.9821,25.9704,53.35,87,20,3.44,NO,2022-08-03 23:59:37
475,Gornopravdinsk,60.05,69.9,56.05,75,90,1.83,RU,2022-08-03 23:59:37
476,Korostyshiv,50.3172,29.0563,61.77,98,34,6.62,UA,2022-08-03 23:59:37
477,Miramar,25.9873,-80.2323,86.02,73,0,3.0,US,2022-08-03 23:59:20
478,Abha,18.2164,42.5053,62.85,82,40,0.0,SA,2022-08-03 23:59:38
479,Hernani,43.2662,-1.9762,74.8,81,100,4.61,ES,2022-08-03 23:59:38
480,Dzilam Gonzalez,21.2833,-88.9333,81.72,77,12,9.69,MX,2022-08-03 23:59:38
481,Cidreira,-30.1811,-50.2056,62.19,94,85,16.67,BR,2022-08-03 23:59:39
482,Abu Dhabi,24.4667,54.3667,95.11,62,0,2.3,AE,2022-08-03 23:59:39
483,Kirovskiy,45.0917,133.5136,78.04,79,42,4.03,RU,2022-08-03 23:59:40
484,Sao Joao Da Barra,-21.6403,-41.0511,68.63,87,0,4.83,BR,2022-08-03 23:56:25
485,Berezovka,53.7214,25.4993,57.83,80,5,4.09,BY,2022-08-03 23:59:40
486,Campos,-21.75,-41.3,64.98,94,1,3.47,BR,2022-08-03 23:59:40
487,General Roca,-39.0333,-67.5833,47.62,48,4,6.76,AR,2022-08-03 23:59:41
488,Khartoum,15.5518,32.5324,81.01,74,84,3.0,SD,2022-08-03 23:59:41
489,Bowral,-34.4667,150.4167,55.33,84,100,11.83,AU,2022-08-03 23:59:41
490,Juneau,58.3019,-134.4197,60.84,95,100,2.06,US,2022-08-03 23:59:42
491,Semirom,31.4167,51.5667,68.29,32,12,2.89,IR,2022-08-03 23:59:42
492,Avera,33.194,-82.5271,76.51,96,88,10.58,US,2022-08-03 23:56:40
493,Saint-Francois,46.4154,3.9054,69.67,68,0,1.14,FR,2022-08-03 23:59:42
494,Casablanca,33.5928,-7.6192,73.33,78,0,11.01,MA,2022-08-03 23:59:43
495,Terrace Bay,48.7834,-87.1,59.27,82,69,8.48,CA,2022-08-03 23:59:43
496,Eenhana,-17.4667,16.3333,57.13,23,12,3.44,NA,2022-08-03 23:59:43
497,Noumea,-22.2763,166.4572,80.58,99,54,12.35,NC,2022-08-03 23:59:44
498,Walvis Bay,-22.9575,14.5053,53.1,93,33,4.61,NA,2022-08-03 23:59:44
499,Salinas,36.6777,-121.6555,92.21,55,0,7.76,US,2022-08-03 23:59:44
500,Thaton,16.9206,97.3714,76.21,96,99,4.54,MM,2022-08-03 23:59:45
501,Yanam,16.7333,82.2167,78.3,90,100,2.01,IN,2022-08-03 23:59:45
502,Zarubino,42.63,131.0922,72.14,97,98,0.29,RU,2022-08-03 23:59:45
503,Saldanha,-33.0117,17.9442,51.85,69,77,7.16,ZA,2022-08-03 23:59:46
504,Onverwacht,5.5833,-55.1833,80.6,78,20,4.61,SR,2022-08-04 00:00:46
505,Timra,62.487,17.3257,61.68,94,0,8.05,SE,2022-08-04 00:00:46
506,Sfantu Gheorghe,45.8667,25.7833,62.26,70,48,2.53,RO,2022-08-03 23:58:16
507,Winnemucca,40.973,-117.7357,92.44,19,28,1.74,US,2022-08-03 23:57:52
508,Kurilsk,45.2333,147.8833,58.17,79,92,10.83,RU,2022-08-04 00:00:47
509,Poplar Bluff,36.757,-90.3929,87.33,78,28,1.01,US,2022-08-04 00:00:47
510,Bairiki,1.3292,172.9752,81.14,77,42,14.18,KI,2022-08-04 00:00:48
511,Mogzon,51.7435,111.9606,61.84,90,99,4.72,RU,2022-08-04 00:00:48
512,Hami,42.8,93.45,84.79,20,0,1.81,CN,2022-08-04 00:00:49
513,Preobrazheniye,42.9019,133.9064,75.56,88,81,3.11,RU,2022-08-04 00:00:49
514,Kalaleh,37.3807,55.4916,81.19,49,0,2.93,IR,2022-08-04 00:00:49
515,Rio Cuarto,-33.1307,-64.3499,56.32,58,87,6.49,AR,2022-08-04 00:00:50
516,Jiangyou,31.7667,104.7167,79.41,82,21,2.48,CN,2022-08-04 00:00:50
517,Faya,18.3851,42.4509,63.88,71,93,4.07,SA,2022-08-04 00:00:51
518,Camacha,33.0833,-16.3333,67.42,68,75,13.8,PT,2022-08-04 00:00:51
519,Annavasal,10.4667,78.7,76.41,89,100,8.19,IN,2022-08-04 00:00:51
520,Clyde,41.3042,-82.9752,87.58,56,25,17.81,US,2022-08-03 23:57:30
521,Chuy,-33.6971,-53.4616,57.02,99,100,6.2,UY,2022-08-04 00:00:52
522,San-Pedro,4.7485,-6.6363,74.46,80,97,8.68,CI,2022-08-04 00:00:52
523,Svetlyy,54.675,20.1347,65.97,64,46,9.15,RU,2022-08-04 00:00:53
524,Napuro,12.0273,124.7082,81.23,82,99,4.94,PH,2022-08-04 00:00:53
525,Neuquen,-38.9516,-68.0591,50.29,47,3,5.41,AR,2022-08-04 00:00:53
526,Inuvik,68.3499,-133.7218,66.43,48,81,3.56,CA,2022-08-04 00:00:54
527,Ponta Do Sol,32.6667,-17.1,70.72,81,2,7.81,PT,2022-08-03 23:57:06
528,Tucuman,-26.8241,-65.2226,60.58,56,99,3.53,AR,2022-08-04 00:00:18
529,Wasilla,61.5814,-149.4394,76.48,63,31,5.99,US,2022-08-03 23:57:00
530,Hushitai,41.9322,123.5114,84.11,80,53,10.54,CN,2022-08-04 00:00:55
531,Bogorodskoye,56.55,37.8833,67.64,59,100,3.13,RU,2022-08-04 00:00:55
532,Varadero,23.1536,-81.2514,81.82,75,24,16.37,CU,2022-08-03 23:56:23
533,Shihezi,44.3,86.0333,82.35,32,97,9.73,CN,2022-08-04 00:00:56
534,Singaraja,-8.112,115.0882,78.3,69,21,3.91,ID,2022-08-04 00:00:14
535,Hasaki,35.7333,140.8333,75.29,83,100,13.38,JP,2022-08-04 00:00:56
536,Orange Cove,36.6244,-119.3137,105.93,25,20,4.61,US,2022-08-04 00:00:57
537,Carbonia,39.1672,8.5222,78.01,58,0,3.87,IT,2022-08-04 00:00:57
538,Middelburg,-25.7751,29.4648,51.71,66,23,5.37,ZA,2022-08-04 00:00:58
539,Boca Do Acre,-8.7522,-67.3978,81.05,57,91,0.51,BR,2022-08-04 00:00:58
540,Mattru,7.6244,-11.8332,72.97,96,96,2.19,SL,2022-08-04 00:00:58
541,Oktyabrskiy,54.4815,53.471,63.9,77,59,3.56,RU,2022-08-04 00:00:59
542,Babushkin,51.7122,105.8647,58.59,89,89,11.52,RU,2022-08-04 00:00:59
543,Trincomalee,8.5711,81.2335,79.45,79,100,27.29,LK,2022-08-04 00:01:00
544,Sao Felix Do Xingu,-6.6447,-51.995,77.4,43,35,1.12,BR,2022-08-04 00:00:46
545,Port Washington,40.8257,-73.6982,84.79,63,0,3.0,US,2022-08-03 23:58:15
546,Arkhara,49.4212,130.0842,76.82,68,88,3.96,RU,2022-08-04 00:00:28
547,Sao Jose Da Laje,-9.0097,-36.0583,70.9,99,100,8.66,BR,2022-08-04 00:01:00
548,Napier,-39.4833,176.9167,57.27,71,0,4.0,NZ,2022-08-04 00:01:01
549,Kaeo,-35.1,173.7833,59.32,94,28,7.67,NZ,2022-08-04 00:01:01
550,Kamina,-8.7386,24.9906,64.47,40,1,5.75,CD,2022-08-04 00:01:01
551,Binzhou,37.3667,118.0167,87.31,71,0,6.4,CN,2022-08-04 00:02:02
552,Kurunegala,7.4863,80.3623,72.55,97,100,10.56,LK,2022-08-04 00:02:02
553,Mayumba,-3.432,10.6554,70.65,85,49,8.19,GA,2022-08-04 00:02:03
554,Pandan,14.0453,124.1694,79.77,88,100,3.18,PH,2022-08-04 00:02:04
555,Khasan,42.4308,130.6434,74.66,92,87,1.7,RU,2022-08-04 00:02:04
556,Bata,1.8639,9.7658,74.79,83,47,5.19,GQ,2022-08-04 00:02:04
557,Haringhata,22.95,88.5667,80.51,88,98,4.12,IN,2022-08-04 00:02:05
558,Beringovskiy,63.05,179.3167,51.24,83,100,6.29,RU,2022-08-04 00:02:05
559,Arvika,59.6553,12.5852,59.61,95,24,9.84,SE,2022-08-04 00:02:06
560,Saint-Pierre,-21.3393,55.4781,65.88,82,40,4.61,RE,2022-08-04 00:02:06
561,Colares,38.7992,-9.4469,69.3,74,10,28.99,PT,2022-08-04 00:02:07
562,Ignacio De La Llave,18.7167,-95.9833,82.18,76,30,7.58,MX,2022-08-04 00:02:08
563,Stende,57.15,22.5333,58.24,75,46,5.82,LV,2022-08-04 00:02:09
564,Ehingen,48.2826,9.7275,66.38,78,16,1.14,DE,2022-08-04 00:01:07
565,Tocopilla,-22.092,-70.1979,61.27,68,11,15.64,CL,2022-08-04 00:02:10
566,Faanui,-16.4833,-151.75,78.49,75,12,23.44,PF,2022-08-04 00:02:10
567,Taoudenni,22.6783,-3.9836,91.13,38,54,30.02,ML,2022-08-04 00:02:11
568,Esmeraldas,-19.7625,-44.3139,66.94,49,18,5.97,BR,2022-08-04 00:02:11
569,Menongue,-14.6585,17.691,58.35,56,4,1.03,AO,2022-08-04 00:02:12
570,Bhatkal,13.9667,74.5667,77.72,90,100,5.03,IN,2022-08-04 00:02:12
571,Kabinda,-6.1333,24.4833,68.25,44,59,2.86,CD,2022-08-04 00:02:13
572,Boone,39.0334,-92.3335,88.65,86,94,6.22,US,2022-08-04 00:02:13
573,Carutapera,-1.195,-46.02,76.71,86,39,7.11,BR,2022-08-04 00:02:14
574,Darnah,32.767,22.6367,78.91,80,0,18.72,LY,2022-08-04 00:02:14
575,Hovd,48.0056,91.6419,67.93,41,99,0.83,MN,2022-08-04 00:02:15
576,Antofagasta,-23.65,-70.4,57.13,79,4,8.21,CL,2022-08-04 00:00:05
577,College,64.8569,-147.8028,74.07,43,21,3.0,US,2022-08-04 00:00:30
578,Aasiaat,68.7098,-52.8699,40.98,76,100,12.35,GL,2022-08-04 00:02:16
579,Kendallville,41.4414,-85.265,72.82,95,75,11.5,US,2022-08-04 00:02:16
580,Boende,-0.2167,20.8667,71.6,88,52,1.16,CD,2022-08-04 00:02:17
581,Husavik,66.0449,-17.3389,43.84,97,100,15.46,IS,2022-08-04 00:02:17
582,Leh,34.1667,77.5833,60.39,47,1,4.9,IN,2022-08-04 00:01:26
583,Port Hardy,50.6996,-127.4199,55.58,94,75,5.75,CA,2022-08-04 00:02:18
584,Tabou,4.423,-7.3528,74.39,82,99,9.6,CI,2022-08-04 00:02:18
585,Olafsvik,64.8945,-23.7142,47.28,72,20,11.36,IS,2022-08-04 00:02:19
586,Ergani,38.2653,39.7621,81.34,25,0,3.76,TR,2022-08-04 00:02:19
587,Mzimba,-11.9,33.6,56.1,82,2,7.27,MW,2022-08-04 00:02:19
588,Hatillo,18.4863,-66.8254,81.07,91,89,1.99,PR,2022-08-04 00:02:20
589,Port Macquarie,-31.4333,152.9167,66.88,63,62,10.16,AU,2022-08-04 00:02:20
